action_head_like,actor,bucket,card_select,combat_pick,critical_action_option,critical_combo,decision_idx,game_idx,has_cast_spy_option,has_dread_return_option,has_land_play_option,has_lotleth_option,has_nonpass_option,kind,label,matchup,max_prob,options_count,pass_with_nonpass,path,phase,selected,selected_cast_dread_return,selected_cast_spy,selected_is_top,selected_lotleth,selected_pass,selected_play_land,selected_prob,target_pick,top_options,turn,value_gt_1,value_score
True,PlayerRL1,high_score_loss,False,False,False,False,53,11,False,False,False,False,True,decision,0,Deck - Grixis Affinity,0.5633,2,True,local-training\local_pbt\cp7_eval_sweeps\20260514_accepted_affinity_logged_cp7_g16\game_logs\Pauper-Spy-Combo-Value__Deck_-_Spy_Combo__vs__Deck_-_Grixis_Affinity__chunk_006\game_20260514_124823_0002.txt,Declare Blockers,Pass,False,False,1.0,False,True,False,0.5633,False,"*0.563:Pass | 0.437:{T}, Tap an untapped creature you control: Add one mana of any color.",4,False,0.754504
True,PlayerRL1,high_score_loss,False,False,False,False,80,5,False,False,False,False,True,decision,0,Deck - Grixis Affinity,0.3099,4,True,local-training\local_pbt\cp7_eval_sweeps\20260514_accepted_affinity_logged_cp7_g16\game_logs\Pauper-Spy-Combo-Value__Deck_-_Spy_Combo__vs__Deck_-_Grixis_Affinity__chunk_003\game_20260514_124722_0002.txt,Precombat Main,Pass,False,False,1.0,False,True,False,0.3099,False,"*0.310:Pass | 0.240:{T}, Tap an untapped creature you control: Add one mana of any color. | 0.230:Forestcycling {1} <i>({1}, Discard this card: Search your library for a Forest card, reveal it, put it into your hand, then shuffle.)</i> | 0.220:Return a Forest you control to its owner's hand: Untap target creature. Activate only once each turn.",6,False,0.727434
True,PlayerRL1,high_score_loss,False,False,False,False,75,11,False,False,False,False,True,decision,0,Deck - Grixis Affinity,0.3194,4,True,local-training\local_pbt\cp7_eval_sweeps\20260514_accepted_affinity_logged_cp7_g16\game_logs\Pauper-Spy-Combo-Value__Deck_-_Spy_Combo__vs__Deck_-_Grixis_Affinity__chunk_006\game_20260514_124823_0002.txt,Precombat Main,Pass,False,False,1.0,False,True,False,0.3194,False,"*0.319:Pass | 0.241:{T}: Add {B}. | 0.241:Forestcycling {1} <i>({1}, Discard this card: Search your library for a Forest card, reveal it, put it into your hand, then shuffle.)</i> | 0.199:Swampcycling {1} <i>({1}, Discard this card: Search your library for a Swamp card, reveal it, put it into your hand, then shuffle.)</i>",6,False,0.722364
True,PlayerRL1,high_score_loss,False,False,False,False,112,14,False,False,False,False,True,decision,0,Deck - Grixis Affinity,0.6008,2,True,local-training\local_pbt\cp7_eval_sweeps\20260514_accepted_affinity_logged_cp7_g16\game_logs\Pauper-Spy-Combo-Value__Deck_-_Spy_Combo__vs__Deck_-_Grixis_Affinity__chunk_008\game_20260514_124813_0001.txt,Precombat Main,Pass,False,False,1.0,False,True,False,0.6008,False,*0.601:Pass | 0.399:{T}: Add {B}.,8,False,0.721267
True,PlayerRL1,high_score_loss,False,False,False,False,50,11,False,False,False,False,True,decision,0,Deck - Grixis Affinity,0.5622,2,True,local-training\local_pbt\cp7_eval_sweeps\20260514_accepted_affinity_logged_cp7_g16\game_logs\Pauper-Spy-Combo-Value__Deck_-_Spy_Combo__vs__Deck_-_Grixis_Affinity__chunk_006\game_20260514_124823_0002.txt,Precombat Main,Pass,False,False,1.0,False,True,False,0.5622,False,"*0.562:Pass | 0.438:{T}, Tap an untapped creature you control: Add one mana of any color.",4,False,0.721116
True,PlayerRL1,high_score_loss,False,False,False,False,151,9,False,False,False,False,True,decision,0,Deck - Grixis Affinity,0.5706,2,True,local-training\local_pbt\cp7_eval_sweeps\20260514_accepted_affinity_logged_cp7_g16\game_logs\Pauper-Spy-Combo-Value__Deck_-_Spy_Combo__vs__Deck_-_Grixis_Affinity__chunk_005\game_20260514_124707_0002.txt,Precombat Main,Pass,False,False,1.0,False,True,False,0.5706,False,*0.571:Pass | 0.429:{T}: Add {G}.,11,False,0.714072
True,PlayerRL1,high_score_loss,False,False,False,False,96,12,False,False,False,False,True,decision,0,Deck - Grixis Affinity,0.4171,3,True,local-training\local_pbt\cp7_eval_sweeps\20260514_accepted_affinity_logged_cp7_g16\game_logs\Pauper-Spy-Combo-Value__Deck_-_Spy_Combo__vs__Deck_-_Grixis_Affinity__chunk_007\game_20260514_124806_0001.txt,Precombat Main,Pass,False,False,1.0,False,True,False,0.4171,False,*0.417:Pass | 0.307:{T}: Add {G}. | 0.276:{T}: Add {B}.,7,False,0.708657
True,PlayerRL1,high_score_loss,False,False,False,False,79,15,False,False,False,False,True,decision,0,Deck - Grixis Affinity,0.3193,4,True,local-training\local_pbt\cp7_eval_sweeps\20260514_accepted_affinity_logged_cp7_g16\game_logs\Pauper-Spy-Combo-Value__Deck_-_Spy_Combo__vs__Deck_-_Grixis_Affinity__chunk_008\game_20260514_124930_0002.txt,Precombat Main,Pass,False,False,1.0,False,True,False,0.3193,False,*0.319:Pass | 0.260:{T}: Add {G}. | 0.239:{T}: Add {B}. | 0.182:{T}: Add {B}. {this} deals 1 damage to you.,6,False,0.70438
True,PlayerRL1,high_score_loss,False,False,False,False,78,11,False,False,False,False,True,decision,0,Deck - Grixis Affinity,0.3229,4,True,local-training\local_pbt\cp7_eval_sweeps\20260514_accepted_affinity_logged_cp7_g16\game_logs\Pauper-Spy-Combo-Value__Deck_-_Spy_Combo__vs__Deck_-_Grixis_Affinity__chunk_006\game_20260514_124823_0002.txt,Postcombat Main,Pass,False,False,1.0,False,True,False,0.3229,False,"*0.323:Pass | 0.240:Forestcycling {1} <i>({1}, Discard this card: Search your library for a Forest card, reveal it, put it into your hand, then shuffle.)</i> | 0.234:{T}: Add {B}. | 0.203:Swampcycling {1} <i>({1}, Discard this card: Search your library for a Swamp card, reveal it, put it into your hand, then shuffle.)</i>",6,False,0.698973
True,PlayerRL1,high_score_loss,False,False,False,False,49,11,False,False,False,False,True,decision,0,Deck - Grixis Affinity,0.5594,2,True,local-training\local_pbt\cp7_eval_sweeps\20260514_accepted_affinity_logged_cp7_g16\game_logs\Pauper-Spy-Combo-Value__Deck_-_Spy_Combo__vs__Deck_-_Grixis_Affinity__chunk_006\game_20260514_124823_0002.txt,Precombat Main,Pass,False,False,1.0,False,True,False,0.5594,False,"*0.559:Pass | 0.441:{T}, Tap an untapped creature you control: Add one mana of any color.",4,False,0.698784
True,PlayerRL1,high_score_loss,False,False,False,False,118,2,False,False,False,False,True,decision,0,Deck - Grixis Affinity,0.5994,2,True,local-training\local_pbt\cp7_eval_sweeps\20260514_accepted_affinity_logged_cp7_g16\game_logs\Pauper-Spy-Combo-Value__Deck_-_Spy_Combo__vs__Deck_-_Grixis_Affinity__chunk_002\game_20260514_124654_0001.txt,Precombat Main,Pass,False,False,1.0,False,True,False,0.5994,False,*0.599:Pass | 0.401:{T}: Add {B}.,9,False,0.692155
True,PlayerRL1,high_score_loss,False,False,False,False,123,2,False,False,False,False,True,decision,0,Deck - Grixis Affinity,0.6074,2,True,local-training\local_pbt\cp7_eval_sweeps\20260514_accepted_affinity_logged_cp7_g16\game_logs\Pauper-Spy-Combo-Value__Deck_-_Spy_Combo__vs__Deck_-_Grixis_Affinity__chunk_002\game_20260514_124654_0001.txt,Postcombat Main,Pass,False,False,1.0,False,True,False,0.6074,False,*0.607:Pass | 0.393:{T}: Add {B}.,9,False,0.683489
True,PlayerRL1,high_score_loss,False,False,False,False,99,12,False,False,False,False,True,decision,0,Deck - Grixis Affinity,0.433,3,True,local-training\local_pbt\cp7_eval_sweeps\20260514_accepted_affinity_logged_cp7_g16\game_logs\Pauper-Spy-Combo-Value__Deck_-_Spy_Combo__vs__Deck_-_Grixis_Affinity__chunk_007\game_20260514_124806_0001.txt,Postcombat Main,Pass,False,False,1.0,False,True,False,0.433,False,*0.433:Pass | 0.300:{T}: Add {G}. | 0.267:{T}: Add {B}.,7,False,0.682832
True,PlayerRL1,high_score_loss,False,False,False,False,136,9,False,False,False,False,True,decision,0,Deck - Grixis Affinity,0.424,3,True,local-training\local_pbt\cp7_eval_sweeps\20260514_accepted_affinity_logged_cp7_g16\game_logs\Pauper-Spy-Combo-Value__Deck_-_Spy_Combo__vs__Deck_-_Grixis_Affinity__chunk_005\game_20260514_124707_0002.txt,Precombat Main,Pass,False,False,1.0,False,True,False,0.424,False,*0.424:Pass | 0.328:{T}: Add {G}. | 0.248:Sacrifice {this}: Add {R}{R}.,10,False,0.654898
True,PlayerRL1,high_score_loss,False,False,False,False,97,4,False,False,False,False,True,decision,0,Deck - Grixis Affinity,0.4124,3,True,local-training\local_pbt\cp7_eval_sweeps\20260514_accepted_affinity_logged_cp7_g16\game_logs\Pauper-Spy-Combo-Value__Deck_-_Spy_Combo__vs__Deck_-_Grixis_Affinity__chunk_003\game_20260514_124654_0001.txt,Precombat Main,Pass,False,False,1.0,False,True,False,0.4124,False,"*0.412:Pass | 0.323:{T}: Add {G}. | 0.265:{T}, Tap an untapped creature you control: Add one mana of any color.",7,False,0.653751
True,PlayerRL1,high_score_loss,False,False,False,False,95,12,False,False,False,False,True,decision,0,Deck - Grixis Affinity,0.4195,3,True,local-training\local_pbt\cp7_eval_sweeps\20260514_accepted_affinity_logged_cp7_g16\game_logs\Pauper-Spy-Combo-Value__Deck_-_Spy_Combo__vs__Deck_-_Grixis_Affinity__chunk_007\game_20260514_124806_0001.txt,Precombat Main,Pass,False,False,1.0,False,True,False,0.4195,False,*0.419:Pass | 0.306:{T}: Add {G}. | 0.274:{T}: Add {B}.,7,False,0.64384
True,PlayerRL1,high_score_loss,False,False,False,False,78,1,False,False,False,False,True,decision,0,Deck - Grixis Affinity,0.3264,4,True,local-training\local_pbt\cp7_eval_sweeps\20260514_accepted_affinity_logged_cp7_g16\game_logs\Pauper-Spy-Combo-Value__Deck_-_Spy_Combo__vs__Deck_-_Grixis_Affinity__chunk_001\game_20260514_124615_0002.txt,Precombat Main,Pass,False,False,1.0,False,True,False,0.3264,False,"*0.326:Pass | 0.274:{T}: Add {G}. | 0.200:Swampcycling {1} <i>({1}, Discard this card: Search your library for a Swamp card, reveal it, put it into your hand, then shuffle.)</i> | 0.200:Put a -0/-1 counter on {this}: Add {G}. Activate only once each turn.",6,False,0.639981
True,PlayerRL1,high_score_loss,False,False,False,False,45,15,False,False,False,False,True,decision,0,Deck - Grixis Affinity,0.3939,3,True,local-training\local_pbt\cp7_eval_sweeps\20260514_accepted_affinity_logged_cp7_g16\game_logs\Pauper-Spy-Combo-Value__Deck_-_Spy_Combo__vs__Deck_-_Grixis_Affinity__chunk_008\game_20260514_124930_0002.txt,Precombat Main,Pass,False,False,1.0,False,True,False,0.3939,False,"*0.394:Pass | 0.324:{T}, Tap an untapped creature you control: Add one mana of any color. | 0.282:Put a -0/-1 counter on {this}: Add {G}. Activate only once each turn.",4,False,0.63933
True,PlayerRL1,high_score_loss,False,False,False,False,65,1,False,False,False,False,True,decision,0,Deck - Grixis Affinity,0.3976,3,True,local-training\local_pbt\cp7_eval_sweeps\20260514_accepted_affinity_logged_cp7_g16\game_logs\Pauper-Spy-Combo-Value__Deck_-_Spy_Combo__vs__Deck_-_Grixis_Affinity__chunk_001\game_20260514_124615_0002.txt,Precombat Main,Pass,False,False,1.0,False,True,False,0.3976,False,"*0.398:Pass | 0.339:{T}: Add {G}. | 0.263:Swampcycling {1} <i>({1}, Discard this card: Search your library for a Swamp card, reveal it, put it into your hand, then shuffle.)</i>",5,False,0.636781
True,PlayerRL1,high_score_loss,False,False,False,False,150,9,False,False,False,False,True,decision,0,Deck - Grixis Affinity,0.5726,2,True,local-training\local_pbt\cp7_eval_sweeps\20260514_accepted_affinity_logged_cp7_g16\game_logs\Pauper-Spy-Combo-Value__Deck_-_Spy_Combo__vs__Deck_-_Grixis_Affinity__chunk_005\game_20260514_124707_0002.txt,Precombat Main,Pass,False,False,1.0,False,True,False,0.5726,False,*0.573:Pass | 0.427:{T}: Add {G}.,11,False,0.632569
True,PlayerRL1,high_score_loss,False,False,False,False,68,14,False,False,False,False,True,decision,0,Deck - Grixis Affinity,0.5417,2,True,local-training\local_pbt\cp7_eval_sweeps\20260514_accepted_affinity_logged_cp7_g16\game_logs\Pauper-Spy-Combo-Value__Deck_-_Spy_Combo__vs__Deck_-_Grixis_Affinity__chunk_008\game_20260514_124813_0001.txt,Postcombat Main,Pass,False,False,1.0,False,True,False,0.5417,False,*0.542:Pass | 0.458:Return a Forest you control to its owner's hand: Untap target creature. Activate only once each turn.,5,False,0.63209
True,PlayerRL1,high_score_loss,False,False,False,False,67,14,False,False,False,False,True,decision,0,Deck - Grixis Affinity,0.5418,2,True,local-training\local_pbt\cp7_eval_sweeps\20260514_accepted_affinity_logged_cp7_g16\game_logs\Pauper-Spy-Combo-Value__Deck_-_Spy_Combo__vs__Deck_-_Grixis_Affinity__chunk_008\game_20260514_124813_0001.txt,Declare Attackers,Pass,False,False,1.0,False,True,False,0.5418,False,*0.542:Pass | 0.458:Return a Forest you control to its owner's hand: Untap target creature. Activate only once each turn.,5,False,0.63127
True,PlayerRL1,high_score_loss,False,False,False,False,66,14,False,False,False,False,True,decision,0,Deck - Grixis Affinity,0.5417,2,True,local-training\local_pbt\cp7_eval_sweeps\20260514_accepted_affinity_logged_cp7_g16\game_logs\Pauper-Spy-Combo-Value__Deck_-_Spy_Combo__vs__Deck_-_Grixis_Affinity__chunk_008\game_20260514_124813_0001.txt,Precombat Main,Pass,False,False,1.0,False,True,False,0.5417,False,*0.542:Pass | 0.458:Return a Forest you control to its owner's hand: Untap target creature. Activate only once each turn.,5,False,0.630846
True,PlayerRL1,high_score_loss,False,False,False,False,107,10,False,False,False,False,True,decision,0,Deck - Grixis Affinity,0.5246,2,False,local-training\local_pbt\cp7_eval_sweeps\20260514_accepted_affinity_logged_cp7_g16\game_logs\Pauper-Spy-Combo-Value__Deck_-_Spy_Combo__vs__Deck_-_Grixis_Affinity__chunk_006\game_20260514_124800_0001.txt,Precombat Main,Return a Forest you control to its owner's hand: Untap target creature. Activate only once each turn.,False,False,1.0,False,False,False,0.5246,False,*0.525:Return a Forest you control to its owner's hand: Untap target creature. Activate only once each turn. | 0.475:Pass,8,False,0.606912
True,PlayerRL1,high_score_loss,False,False,False,False,68,1,False,False,False,False,True,decision,0,Deck - Grixis Affinity,0.4001,3,True,local-training\local_pbt\cp7_eval_sweeps\20260514_accepted_affinity_logged_cp7_g16\game_logs\Pauper-Spy-Combo-Value__Deck_-_Spy_Combo__vs__Deck_-_Grixis_Affinity__chunk_001\game_20260514_124615_0002.txt,Postcombat Main,Pass,False,False,1.0,False,True,False,0.4001,False,"*0.400:Pass | 0.337:{T}: Add {G}. | 0.263:Swampcycling {1} <i>({1}, Discard this card: Search your library for a Swamp card, reveal it, put it into your hand, then shuffle.)</i>",5,False,0.603051
True,PlayerRL1,high_score_loss,False,False,False,False,83,5,False,False,False,False,True,decision,0,Deck - Grixis Affinity,0.3128,4,True,local-training\local_pbt\cp7_eval_sweeps\20260514_accepted_affinity_logged_cp7_g16\game_logs\Pauper-Spy-Combo-Value__Deck_-_Spy_Combo__vs__Deck_-_Grixis_Affinity__chunk_003\game_20260514_124722_0002.txt,Declare Blockers,Pass,False,False,1.0,False,True,False,0.3128,False,"*0.313:Pass | 0.239:{T}, Tap an untapped creature you control: Add one mana of any color. | 0.230:Forestcycling {1} <i>({1}, Discard this card: Search your library for a Forest card, reveal it, put it into your hand, then shuffle.)</i> | 0.218:Return a Forest you control to its owner's hand: Untap target creature. Activate only once each turn.",6,False,0.59748
True,PlayerRL1,high_score_loss,False,False,False,False,62,1,False,False,False,False,True,decision,0,Deck - Grixis Affinity,0.3875,3,True,local-training\local_pbt\cp7_eval_sweeps\20260514_accepted_affinity_logged_cp7_g16\game_logs\Pauper-Spy-Combo-Value__Deck_-_Spy_Combo__vs__Deck_-_Grixis_Affinity__chunk_001\game_20260514_124615_0002.txt,Precombat Main,Pass,False,False,1.0,False,True,False,0.3875,False,"*0.388:Pass | 0.348:{T}: Add {G}. | 0.265:Swampcycling {1} <i>({1}, Discard this card: Search your library for a Swamp card, reveal it, put it into your hand, then shuffle.)</i>",5,False,0.595319
True,PlayerRL1,high_score_loss,False,False,False,False,79,5,False,False,False,False,True,decision,0,Deck - Grixis Affinity,0.3097,4,True,local-training\local_pbt\cp7_eval_sweeps\20260514_accepted_affinity_logged_cp7_g16\game_logs\Pauper-Spy-Combo-Value__Deck_-_Spy_Combo__vs__Deck_-_Grixis_Affinity__chunk_003\game_20260514_124722_0002.txt,Precombat Main,Pass,False,False,1.0,False,True,False,0.3097,False,"*0.310:Pass | 0.241:{T}, Tap an untapped creature you control: Add one mana of any color. | 0.231:Forestcycling {1} <i>({1}, Discard this card: Search your library for a Forest card, reveal it, put it into your hand, then shuffle.)</i> | 0.218:Return a Forest you control to its owner's hand: Untap target creature. Activate only once each turn.",6,False,0.579066
True,PlayerRL1,high_score_loss,False,False,False,False,101,9,False,False,False,False,True,decision,0,Deck - Grixis Affinity,0.4053,3,True,local-training\local_pbt\cp7_eval_sweeps\20260514_accepted_affinity_logged_cp7_g16\game_logs\Pauper-Spy-Combo-Value__Deck_-_Spy_Combo__vs__Deck_-_Grixis_Affinity__chunk_005\game_20260514_124707_0002.txt,Precombat Main,Pass,False,False,1.0,False,True,False,0.4053,False,*0.405:Pass | 0.313:{T}: Add {G}. | 0.281:{T}: Add {B}.,7,False,0.567813
True,PlayerRL1,high_score_loss,False,False,False,False,135,9,False,False,False,False,True,decision,0,Deck - Grixis Affinity,0.4263,3,True,local-training\local_pbt\cp7_eval_sweeps\20260514_accepted_affinity_logged_cp7_g16\game_logs\Pauper-Spy-Combo-Value__Deck_-_Spy_Combo__vs__Deck_-_Grixis_Affinity__chunk_005\game_20260514_124707_0002.txt,Precombat Main,Pass,False,False,1.0,False,True,False,0.4263,False,*0.426:Pass | 0.327:{T}: Add {G}. | 0.246:Sacrifice {this}: Add {R}{R}.,10,False,0.565814
True,PlayerRL1,low_score_win,False,False,False,False,78,6,False,False,False,False,True,decision,1,Deck - Grixis Affinity,0.4878,4,False,local-training\local_pbt\cp7_eval_sweeps\20260514_accepted_affinity_logged_cp7_g16\game_logs\Pauper-Spy-Combo-Value__Deck_-_Spy_Combo__vs__Deck_-_Grixis_Affinity__chunk_004\game_20260514_124654_0001.txt,Declare Blockers (DECLARE_BLOCKS),Masked Vandal,False,False,0.0,False,False,False,0.4876,False,*0.488:Masked Vandal | 0.488:Masked Vandal | 0.023:Gatecreeper Vine | 0.001:DONE,6,False,-0.513722
True,PlayerRL1,low_score_win,False,False,False,False,64,13,False,False,False,False,True,decision,1,Deck - Grixis Affinity,0.5154,2,False,local-training\local_pbt\cp7_eval_sweeps\20260514_accepted_affinity_logged_cp7_g16\game_logs\Pauper-Spy-Combo-Value__Deck_-_Spy_Combo__vs__Deck_-_Grixis_Affinity__chunk_007\game_20260514_124830_0002.txt,Precombat Main,Put a -0/-1 counter on {this}: Add {G}. Activate only once each turn.,False,False,1.0,False,False,False,0.5154,False,*0.515:Put a -0/-1 counter on {this}: Add {G}. Activate only once each turn. | 0.485:Pass,6,False,-0.336248
True,PlayerRL1,low_score_win,False,False,False,False,5,8,False,False,False,False,True,decision,1,Deck - Grixis Affinity,0.5051,2,True,local-training\local_pbt\cp7_eval_sweeps\20260514_accepted_affinity_logged_cp7_g16\game_logs\Pauper-Spy-Combo-Value__Deck_-_Spy_Combo__vs__Deck_-_Grixis_Affinity__chunk_005\game_20260514_124654_0001.txt,Precombat Main,Pass,False,False,1.0,False,True,False,0.5051,False,*0.505:Pass | 0.495:{T}: Add {G}.,1,False,-0.29043
True,PlayerRL1,low_score_win,False,False,False,False,54,13,False,False,False,False,True,decision,1,Deck - Grixis Affinity,0.554,2,True,local-training\local_pbt\cp7_eval_sweeps\20260514_accepted_affinity_logged_cp7_g16\game_logs\Pauper-Spy-Combo-Value__Deck_-_Spy_Combo__vs__Deck_-_Grixis_Affinity__chunk_007\game_20260514_124830_0002.txt,Postcombat Main,Pass,False,False,1.0,False,True,False,0.554,False,*0.554:Pass | 0.446:Put a -0/-1 counter on {this}: Add {G}. Activate only once each turn.,5,False,-0.273405
True,PlayerRL1,low_score_win,False,False,False,False,53,13,False,False,False,False,True,decision,1,Deck - Grixis Affinity,0.554,2,True,local-training\local_pbt\cp7_eval_sweeps\20260514_accepted_affinity_logged_cp7_g16\game_logs\Pauper-Spy-Combo-Value__Deck_-_Spy_Combo__vs__Deck_-_Grixis_Affinity__chunk_007\game_20260514_124830_0002.txt,Declare Attackers,Pass,False,False,1.0,False,True,False,0.554,False,*0.554:Pass | 0.446:Put a -0/-1 counter on {this}: Add {G}. Activate only once each turn.,5,False,-0.270953
True,PlayerRL1,low_score_win,False,False,False,False,52,13,False,False,False,False,True,decision,1,Deck - Grixis Affinity,0.554,2,True,local-training\local_pbt\cp7_eval_sweeps\20260514_accepted_affinity_logged_cp7_g16\game_logs\Pauper-Spy-Combo-Value__Deck_-_Spy_Combo__vs__Deck_-_Grixis_Affinity__chunk_007\game_20260514_124830_0002.txt,Precombat Main,Pass,False,False,1.0,False,True,False,0.554,False,*0.554:Pass | 0.446:Put a -0/-1 counter on {this}: Add {G}. Activate only once each turn.,5,False,-0.270123
True,PlayerRL1,low_score_win,False,False,False,False,11,13,False,False,True,False,True,decision,1,Deck - Grixis Affinity,0.403,4,False,local-training\local_pbt\cp7_eval_sweeps\20260514_accepted_affinity_logged_cp7_g16\game_logs\Pauper-Spy-Combo-Value__Deck_-_Spy_Combo__vs__Deck_-_Grixis_Affinity__chunk_007\game_20260514_124830_0002.txt,Precombat Main,Play Swamp,False,False,1.0,False,False,True,0.403,False,"*0.403:Play Swamp | 0.244:{T}: Add {G}. | 0.199:Forestcycling {1} <i>({1}, Discard this card: Search your library for a Forest card, reveal it, put it into your hand, then shuffle.)</i> | 0.154:Pass",2,False,-0.247612
True,PlayerRL1,low_score_win,False,False,False,False,12,13,False,False,False,False,True,decision,1,Deck - Grixis Affinity,0.2129,5,False,local-training\local_pbt\cp7_eval_sweeps\20260514_accepted_affinity_logged_cp7_g16\game_logs\Pauper-Spy-Combo-Value__Deck_-_Spy_Combo__vs__Deck_-_Grixis_Affinity__chunk_007\game_20260514_124830_0002.txt,Precombat Main,Cast Gatecreeper Vine,False,False,1.0,False,False,False,0.2129,False,*0.213:Cast Gatecreeper Vine | 0.185:Cast Wall of Roots | 0.146:Cast Land Grant | 0.143:{T}: Add {G}. | 0.136:{T}: Add {B}.,2,False,-0.231636
True,PlayerRL1,low_score_win,False,False,False,False,1,8,False,False,True,False,True,decision,1,Deck - Grixis Affinity,0.6935,2,False,local-training\local_pbt\cp7_eval_sweeps\20260514_accepted_affinity_logged_cp7_g16\game_logs\Pauper-Spy-Combo-Value__Deck_-_Spy_Combo__vs__Deck_-_Grixis_Affinity__chunk_005\game_20260514_124654_0001.txt,Precombat Main,Play Forest,False,False,1.0,False,False,True,0.6935,False,*0.694:Play Forest | 0.306:Pass,1,False,-0.20477
True,PlayerRL1,low_score_win,False,False,False,False,3,6,False,False,True,False,True,decision,1,Deck - Grixis Affinity,0.4246,3,False,local-training\local_pbt\cp7_eval_sweeps\20260514_accepted_affinity_logged_cp7_g16\game_logs\Pauper-Spy-Combo-Value__Deck_-_Spy_Combo__vs__Deck_-_Grixis_Affinity__chunk_004\game_20260514_124654_0001.txt,Precombat Main,Play Forest,False,False,1.0,False,False,True,0.4246,False,*0.425:Play Forest | 0.385:Cast Lotus Petal | 0.191:Pass,1,False,-0.19563
True,PlayerRL1,low_score_win,False,False,False,False,4,8,False,False,False,False,True,decision,1,Deck - Grixis Affinity,0.505,2,True,local-training\local_pbt\cp7_eval_sweeps\20260514_accepted_affinity_logged_cp7_g16\game_logs\Pauper-Spy-Combo-Value__Deck_-_Spy_Combo__vs__Deck_-_Grixis_Affinity__chunk_005\game_20260514_124654_0001.txt,Postcombat Main,Pass,False,False,1.0,False,True,False,0.505,False,*0.505:Pass | 0.495:{T}: Add {G}.,1,False,-0.19321
True,PlayerRL1,low_score_win,False,False,False,False,3,8,False,False,False,False,True,decision,1,Deck - Grixis Affinity,0.5051,2,True,local-training\local_pbt\cp7_eval_sweeps\20260514_accepted_affinity_logged_cp7_g16\game_logs\Pauper-Spy-Combo-Value__Deck_-_Spy_Combo__vs__Deck_-_Grixis_Affinity__chunk_005\game_20260514_124654_0001.txt,Declare Attackers,Pass,False,False,1.0,False,True,False,0.5051,False,*0.505:Pass | 0.495:{T}: Add {G}.,1,False,-0.192587
True,PlayerRL1,low_score_win,False,False,False,False,2,8,False,False,False,False,True,decision,1,Deck - Grixis Affinity,0.5051,2,True,local-training\local_pbt\cp7_eval_sweeps\20260514_accepted_affinity_logged_cp7_g16\game_logs\Pauper-Spy-Combo-Value__Deck_-_Spy_Combo__vs__Deck_-_Grixis_Affinity__chunk_005\game_20260514_124654_0001.txt,Precombat Main,Pass,False,False,1.0,False,True,False,0.5051,False,*0.505:Pass | 0.495:{T}: Add {G}.,1,False,-0.19258
True,PlayerRL1,low_score_win,False,False,False,False,1,13,False,False,True,False,True,decision,1,Deck - Grixis Affinity,0.6967,2,False,local-training\local_pbt\cp7_eval_sweeps\20260514_accepted_affinity_logged_cp7_g16\game_logs\Pauper-Spy-Combo-Value__Deck_-_Spy_Combo__vs__Deck_-_Grixis_Affinity__chunk_007\game_20260514_124830_0002.txt,Precombat Main,Play Forest,False,False,1.0,False,False,True,0.6967,False,*0.697:Play Forest | 0.303:Pass,1,False,-0.185898
True,PlayerRL1,low_score_win,False,False,False,False,14,13,False,False,False,False,True,decision,1,Deck - Grixis Affinity,0.7501,2,False,local-training\local_pbt\cp7_eval_sweeps\20260514_accepted_affinity_logged_cp7_g16\game_logs\Pauper-Spy-Combo-Value__Deck_-_Spy_Combo__vs__Deck_-_Grixis_Affinity__chunk_007\game_20260514_124830_0002.txt,Precombat Main (CHOOSE_USE),Yes,False,False,1.0,False,False,False,0.7501,False,*0.750:Yes | 0.250:No,2,False,-0.183591
False,PlayerRL1,low_score_win,True,False,False,False,15,13,False,False,False,False,True,decision,1,Deck - Grixis Affinity,0.8431,2,False,local-training\local_pbt\cp7_eval_sweeps\20260514_accepted_affinity_logged_cp7_g16\game_logs\Pauper-Spy-Combo-Value__Deck_-_Spy_Combo__vs__Deck_-_Grixis_Affinity__chunk_007\game_20260514_124830_0002.txt,Precombat Main (CARD_PICK 0 min=1 max=1),Forest,False,False,1.0,False,False,False,0.8431,False,*0.843:Forest | 0.157:Swamp,2,False,-0.183591
True,PlayerRL1,low_score_win,False,False,False,False,4,6,False,False,False,False,True,decision,1,Deck - Grixis Affinity,0.3062,4,False,local-training\local_pbt\cp7_eval_sweeps\20260514_accepted_affinity_logged_cp7_g16\game_logs\Pauper-Spy-Combo-Value__Deck_-_Spy_Combo__vs__Deck_-_Grixis_Affinity__chunk_004\game_20260514_124654_0001.txt,Precombat Main,Cast Lotus Petal,False,False,1.0,False,False,False,0.3062,False,*0.306:Cast Lotus Petal | 0.279:Cast Land Grant | 0.230:{T}: Add {G}. | 0.185:Pass,1,False,-0.182825
True,PlayerRL1,low_score_win,False,False,False,False,5,6,False,False,False,False,True,decision,1,Deck - Grixis Affinity,0.2569,5,False,local-training\local_pbt\cp7_eval_sweeps\20260514_accepted_affinity_logged_cp7_g16\game_logs\Pauper-Spy-Combo-Value__Deck_-_Spy_Combo__vs__Deck_-_Grixis_Affinity__chunk_004\game_20260514_124654_0001.txt,Precombat Main,Cast Overgrown Battlement,False,False,1.0,False,False,False,0.2569,False,"*0.257:Cast Overgrown Battlement | 0.175:Cast Land Grant | 0.164:{T}: Add {G}. | 0.152:Cast Winding Way | 0.152:{T}, Sacrifice {this}: Add one mana of any color.",1,False,-0.175829
True,PlayerRL1,low_score_win,False,False,False,False,2,13,False,False,False,False,True,decision,1,Deck - Grixis Affinity,0.2727,4,False,local-training\local_pbt\cp7_eval_sweeps\20260514_accepted_affinity_logged_cp7_g16\game_logs\Pauper-Spy-Combo-Value__Deck_-_Spy_Combo__vs__Deck_-_Grixis_Affinity__chunk_007\game_20260514_124830_0002.txt,Precombat Main,Cast Roost Seek,False,False,1.0,False,False,False,0.2727,False,"*0.273:Cast Roost Seek | 0.265:{T}: Add {G}. | 0.258:Forestcycling {1} <i>({1}, Discard this card: Search your library for a Forest card, reveal it, put it into your hand, then shuffle.)</i> | 0.205:Pass",1,False,-0.171341
False,PlayerRL1,low_score_win,True,False,False,False,3,13,False,False,False,False,True,decision,1,Deck - Grixis Affinity,0.878,2,False,local-training\local_pbt\cp7_eval_sweeps\20260514_accepted_affinity_logged_cp7_g16\game_logs\Pauper-Spy-Combo-Value__Deck_-_Spy_Combo__vs__Deck_-_Grixis_Affinity__chunk_007\game_20260514_124830_0002.txt,Precombat Main (CARD_PICK 0 min=1 max=1),Swamp,False,False,1.0,False,False,False,0.878,False,*0.878:Swamp | 0.122:Forest,1,False,-0.165982
True,PlayerRL1,low_score_win,False,False,False,False,78,8,False,False,False,False,True,decision,1,Deck - Grixis Affinity,0.589,2,True,local-training\local_pbt\cp7_eval_sweeps\20260514_accepted_affinity_logged_cp7_g16\game_logs\Pauper-Spy-Combo-Value__Deck_-_Spy_Combo__vs__Deck_-_Grixis_Affinity__chunk_005\game_20260514_124654_0001.txt,Postcombat Main,Pass,False,False,1.0,False,True,False,0.589,False,*0.589:Pass | 0.411:Put a -0/-1 counter on {this}: Add {G}. Activate only once each turn.,6,False,-0.147511
True,PlayerRL1,low_score_win,False,False,False,False,76,8,False,False,False,False,True,decision,1,Deck - Grixis Affinity,0.5888,2,True,local-training\local_pbt\cp7_eval_sweeps\20260514_accepted_affinity_logged_cp7_g16\game_logs\Pauper-Spy-Combo-Value__Deck_-_Spy_Combo__vs__Deck_-_Grixis_Affinity__chunk_005\game_20260514_124654_0001.txt,Precombat Main,Pass,False,False,1.0,False,True,False,0.5888,False,*0.589:Pass | 0.411:Put a -0/-1 counter on {this}: Add {G}. Activate only once each turn.,6,False,-0.145748
True,PlayerRL1,low_score_win,False,False,False,False,77,8,False,False,False,False,True,decision,1,Deck - Grixis Affinity,0.589,2,True,local-training\local_pbt\cp7_eval_sweeps\20260514_accepted_affinity_logged_cp7_g16\game_logs\Pauper-Spy-Combo-Value__Deck_-_Spy_Combo__vs__Deck_-_Grixis_Affinity__chunk_005\game_20260514_124654_0001.txt,Declare Attackers,Pass,False,False,1.0,False,True,False,0.589,False,*0.589:Pass | 0.411:Put a -0/-1 counter on {this}: Add {G}. Activate only once each turn.,6,False,-0.145619
True,PlayerRL1,low_score_win,False,False,False,False,29,13,False,False,False,False,True,decision,1,Deck - Grixis Affinity,0.3727,3,True,local-training\local_pbt\cp7_eval_sweeps\20260514_accepted_affinity_logged_cp7_g16\game_logs\Pauper-Spy-Combo-Value__Deck_-_Spy_Combo__vs__Deck_-_Grixis_Affinity__chunk_007\game_20260514_124830_0002.txt,Precombat Main,Pass,False,False,1.0,False,True,False,0.3727,False,"*0.373:Pass | 0.348:Forestcycling {1} <i>({1}, Discard this card: Search your library for a Forest card, reveal it, put it into your hand, then shuffle.)</i> | 0.279:Put a -0/-1 counter on {this}: Add {G}. Activate only once each turn.",3,False,-0.104298
True,PlayerRL1,low_score_win,False,False,False,False,94,8,False,False,False,False,True,decision,1,Deck - Grixis Affinity,0.5181,2,True,local-training\local_pbt\cp7_eval_sweeps\20260514_accepted_affinity_logged_cp7_g16\game_logs\Pauper-Spy-Combo-Value__Deck_-_Spy_Combo__vs__Deck_-_Grixis_Affinity__chunk_005\game_20260514_124654_0001.txt,Postcombat Main,Pass,False,False,1.0,False,True,False,0.5181,False,*0.518:Pass | 0.482:Put a -0/-1 counter on {this}: Add {G}. Activate only once each turn.,7,False,-0.102406
True,PlayerRL1,low_score_win,False,False,False,False,93,8,False,False,False,False,True,decision,1,Deck - Grixis Affinity,0.5182,2,True,local-training\local_pbt\cp7_eval_sweeps\20260514_accepted_affinity_logged_cp7_g16\game_logs\Pauper-Spy-Combo-Value__Deck_-_Spy_Combo__vs__Deck_-_Grixis_Affinity__chunk_005\game_20260514_124654_0001.txt,Declare Attackers,Pass,False,False,1.0,False,True,False,0.5182,False,*0.518:Pass | 0.482:Put a -0/-1 counter on {this}: Add {G}. Activate only once each turn.,7,False,-0.099745
True,PlayerRL1,low_score_win,False,False,False,False,92,8,False,False,False,False,True,decision,1,Deck - Grixis Affinity,0.5182,2,True,local-training\local_pbt\cp7_eval_sweeps\20260514_accepted_affinity_logged_cp7_g16\game_logs\Pauper-Spy-Combo-Value__Deck_-_Spy_Combo__vs__Deck_-_Grixis_Affinity__chunk_005\game_20260514_124654_0001.txt,Precombat Main,Pass,False,False,1.0,False,True,False,0.5182,False,*0.518:Pass | 0.482:Put a -0/-1 counter on {this}: Add {G}. Activate only once each turn.,7,False,-0.099493
True,PlayerRL1,low_score_win,False,False,True,True,33,13,True,False,True,False,True,decision,1,Deck - Grixis Affinity,0.2135,5,False,local-training\local_pbt\cp7_eval_sweeps\20260514_accepted_affinity_logged_cp7_g16\game_logs\Pauper-Spy-Combo-Value__Deck_-_Spy_Combo__vs__Deck_-_Grixis_Affinity__chunk_007\game_20260514_124830_0002.txt,Precombat Main,Cast Balustrade Spy,False,True,1.0,False,False,False,0.2135,False,*0.213:Cast Balustrade Spy | 0.146:Play Forest | 0.129:Cast Saruli Caretaker | 0.117:{T}: Add {G}. | 0.111:{T}: Add {B}.,4,False,-0.091998
True,PlayerRL1,low_score_win,False,False,False,False,6,6,False,False,False,False,True,decision,1,Deck - Grixis Affinity,0.6104,2,False,local-training\local_pbt\cp7_eval_sweeps\20260514_accepted_affinity_logged_cp7_g16\game_logs\Pauper-Spy-Combo-Value__Deck_-_Spy_Combo__vs__Deck_-_Grixis_Affinity__chunk_004\game_20260514_124654_0001.txt,Precombat Main,Cast Land Grant,False,False,1.0,False,False,False,0.6104,False,*0.610:Cast Land Grant | 0.390:Pass,1,False,-0.084691
True,PlayerRL1,low_score_win,False,False,False,False,10,8,False,False,False,False,True,decision,1,Deck - Grixis Affinity,0.2595,5,False,local-training\local_pbt\cp7_eval_sweeps\20260514_accepted_affinity_logged_cp7_g16\game_logs\Pauper-Spy-Combo-Value__Deck_-_Spy_Combo__vs__Deck_-_Grixis_Affinity__chunk_005\game_20260514_124654_0001.txt,Precombat Main,Cast Masked Vandal,False,False,1.0,False,False,False,0.2595,False,*0.260:Cast Masked Vandal | 0.254:Cast Wall of Roots | 0.194:{T}: Add {G}. | 0.192:Cast Winding Way | 0.101:Pass,2,False,-0.062727
